seed,side,window,n,delta_min,delta_max,model,parameters,parameter_se,aicc,delta_aicc
42,dynamic,all,10,1e-05,0.01,free_power,"[17.924148343785006, 0.8178385111719898, 0.5385273236366763]","[1.5894970034576028, 0.07227937096793395, 0.007583469697815224]",20.564126746753253,0.0
42,dynamic,all,10,1e-05,0.01,half_power,"[10.700329298010523, 1.2812159899561024]","[1.8836811004542369, 0.01370901943477824]",32.175237102627335,11.611110355874082
42,dynamic,all,10,1e-05,0.01,logarithmic,"[-269.3923191038869, 50.252502265031275]","[73.60468100100334, 8.807141637252403]",85.90750799154074,65.34338124478748
42,dynamic,drop_smallest,9,2e-05,0.01,free_power,"[19.494917280183294, 0.6966671412830381, 0.5537099314360696]","[1.5073401529835895, 0.07678706872332802, 0.010012180713129683]",16.66368933009813,0.0
42,dynamic,drop_smallest,9,2e-05,0.01,half_power,"[11.924037214029685, 1.258808928894892]","[1.9093678316385265, 0.019222257171355457]",28.113119153364888,11.449429823266758
42,dynamic,drop_smallest,9,2e-05,0.01,logarithmic,"[-190.59884422936977, 38.38786249612281]","[54.49729272827559, 6.872613362859154]",70.6158002255974,53.95211089549927
42,dynamic,drop_largest,9,1e-05,0.005,free_power,"[18.177491543402756, 0.8094919699472941, 0.5393740611794431]","[2.069902967326773, 0.08621827003870247, 0.009072255976946693]",21.184624322894233,0.0
42,dynamic,drop_largest,9,1e-05,0.005,half_power,"[9.816657418114284, 1.2855334436166936]","[2.082473880135103, 0.014381854049666782]",29.568243682550158,8.383619359655924
42,dynamic,drop_largest,9,1e-05,0.005,logarithmic,"[-335.8470660063025, 57.264670034853474]","[84.80997325848517, 9.776721144328388]",76.96007549725962,55.77545117436539
42,dynamic,near_5e-4,6,1e-05,0.0005,free_power,"[7.980203922538886, 1.1367287183303716, 0.5118215949220432]","[1.595756416481709, 0.062236021076770016, 0.004494520805203206]",8.685677683015971,2.7746803316363193
42,dynamic,near_5e-4,6,1e-05,0.0005,half_power,"[3.891479775024631, 1.3128882915626563]","[0.7891928891485696, 0.004470314797976893]",5.910997351379652,0.0
42,dynamic,near_5e-4,6,1e-05,0.0005,logarithmic,"[-658.3739902831018, 89.47932404098006]","[122.87011127371231, 12.68612817617977]",50.19560808814172,44.28461073676207
42,dynamic,near_2e-4,5,1e-05,0.0002,free_power,"[4.263178327987582, 1.2583771484831645, 0.5037276672509287]","[0.5900532118717434, 0.021768753813208367, 0.0013948514411343282]",5.701187261131324,12.391884995691505
42,dynamic,near_2e-4,5,1e-05,0.0002,half_power,"[2.715442680159663, 1.3179187882671333]","[0.23444939494559583, 0.0012188443503526455]",-6.690697734560182,0.0
42,dynamic,near_2e-4,5,1e-05,0.0002,logarithmic,"[-842.0289759676231, 107.00853257540736]","[128.83987111637444, 12.819195049877901]",41.73796453436847,48.428662268928655
42,dynamic,near_1e-4,4,1e-05,0.0001,free_power,"[3.2098892945998427, 1.2909212989414909, 0.5017232832141457]","[0.66324136828944, 0.022175242599573857, 0.001363465116516902]",5.164049499203578,10.179706463898203
42,dynamic,near_1e-4,4,1e-05,0.0001,half_power,"[2.3813296727077033, 1.3192535952927242]","[0.13100715640323587, 0.0006175736160577221]",-5.0156569646946245,0.0
42,dynamic,near_1e-4,4,1e-05,0.0001,logarithmic,"[-1015.631990524246, 123.11592203873063]","[142.90971402430094, 13.743153390621734]",38.67941597725647,43.695072941951096
42,static,all,10,1e-05,0.01,free_power,"[0.12374602507404067, 0.47982213557650305]","[0.05502987097980087, 0.08261953268472431]",-125.79297606186181,3.163138555957616
42,static,all,10,1e-05,0.01,half_power,[0.137609902494731],[0.010723695923094129],-128.95611461781942,0.0
42,static,drop_smallest,9,2e-05,0.01,free_power,"[0.1279656442230221, 0.4863095619907344]","[0.06176336093622858, 0.0900223033971061]",-111.5431176405896,3.407550128333966
42,static,drop_smallest,9,2e-05,0.01,half_power,[0.13751164337303157],[0.011276629570529976],-114.95066776892357,0.0
42,static,drop_largest,9,1e-05,0.005,free_power,"[0.029279065706792215, 0.2730972193060625]","[0.006886420270573683, 0.03448655321103415]",-130.19368284649735,0.0
42,static,drop_largest,9,1e-05,0.005,half_power,[0.1167816386413941],[0.013140818453353376],-118.98077790392934,11.212904942568017
42,static,near_5e-4,6,1e-05,0.0005,free_power,"[0.014474573534441327, 0.20149168826556274]","[0.008898899247215264, 0.0682839559818768]",-86.6169300163054,0.0
42,static,near_5e-4,6,1e-05,0.0005,half_power,[0.1746927867663868],[0.031088131128226344],-81.95861126352386,4.65831875278154
42,static,near_2e-4,5,1e-05,0.0002,free_power,"[0.05486722480526247, 0.3344079265160015]","[0.02156864432820402, 0.04202861564222743]",-78.50432749858668,0.0
42,static,near_2e-4,5,1e-05,0.0002,half_power,[0.24881054405243078],[0.01955074538288135],-76.50649961701498,1.9978278815716948
42,static,near_1e-4,4,1e-05,0.0001,free_power,"[0.12386679329547183, 0.4133987730151007]","[0.024079692569494913, 0.019787946097445393]",-65.06799536847826,2.758595006727333
42,static,near_1e-4,4,1e-05,0.0001,half_power,[0.2876843238576973],[0.010854170361466254],-67.8265903752056,0.0
47,dynamic,all,10,1e-05,0.01,free_power,"[8.06804281903176, 1.7354353963724078, 0.5197591347593272]","[2.662714621427675, 0.1417249445362535, 0.006991737543335131]",30.023575303775374,0.0
47,dynamic,all,10,1e-05,0.01,half_power,"[1.4856562117713092, 2.1854881283135623]","[2.0190256676186538, 0.014694029266168881]",33.56297972957576,3.5394044258003845
47,dynamic,all,10,1e-05,0.01,logarithmic,"[-479.8409454306403, 86.1604199910137]","[122.71589580804111, 14.683526398050496]",96.13077344072552,66.10719813695015
47,dynamic,drop_smallest,9,2e-05,0.01,free_power,"[10.502091059000472, 1.5193820720929638, 0.5323296765377856]","[2.6754959000425513, 0.16119038011874456, 0.009610380555923392]",26.075829379860064,0.0
47,dynamic,drop_smallest,9,2e-05,0.01,half_power,"[2.2872679793091137, 2.170809971624975]","[2.2553919771420254, 0.02270580377626016]",31.11104615446154,5.035216774601476
47,dynamic,drop_smallest,9,2e-05,0.01,logarithmic,"[-349.3265183120695, 66.50769286496181]","[91.77930185891894, 11.574219996643448]",79.99804431444288,53.92221493458281
47,dynamic,drop_largest,9,1e-05,0.005,free_power,"[5.683675310705868, 1.83032645528385, 0.5153802023705824]","[3.091317803794472, 0.15746051686244708, 0.00730262447055468]",27.31303233883927,0.0
47,dynamic,drop_largest,9,1e-05,0.005,half_power,"[-0.1847339077710336, 2.193649338659109]","[1.8680465826517745, 0.012900989047638195]",27.612304934882694,0.2992725960434228
47,dynamic,drop_largest,9,1e-05,0.005,logarithmic,"[-595.457971036636, 98.36008998574249]","[139.6799701921161, 16.102022764482694]",85.94100848678806,58.62797614794879
47,dynamic,near_5e-4,6,1e-05,0.0005,free_power,"[-6.7249820840586025, 2.319456056325609, 0.4961701362439035]","[0.3583205777471204, 0.015960738586358717, 0.0005627995894378391]",-9.866016370025125,0.0
47,dynamic,near_5e-4,6,1e-05,0.0005,half_power,"[-4.415670971419445, 2.213472377917605]","[0.37312170538486006, 0.0021135152579818007]",-3.0782729526912345,6.787743417333891
47,dynamic,near_5e-4,6,1e-05,0.0005,logarithmic,"[-1124.1749236099154, 151.19266720071656]","[201.2933357407228, 20.783191597630054]",56.11923331087911,65.98524968090423
47,dynamic,near_2e-4,5,1e-05,0.0002,free_power,"[-7.519296313450739, 2.3483904774471616, 0.4951862219199633]","[0.25174777694112394, 0.00999765614205096, 0.00034248533553949805]",-3.1314528454456507,0.0
47,dynamic,near_2e-4,5,1e-05,0.0002,half_power,"[-4.1030510757728464, 2.212135146766249]","[0.4520918803504357, 0.0023503137282363273]",-0.1242377259368066,3.007215119508844
47,dynamic,near_2e-4,5,1e-05,0.0002,logarithmic,"[-1423.2301496881862, 179.73641422151366]","[212.82309428907985, 21.175283251857273]",46.75687371259245,49.8883265580381
47,dynamic,near_1e-4,4,1e-05,0.0001,free_power,"[-7.947399830265185, 2.3625780402260452, 0.49471441502131375]","[0.32731423888732825, 0.011641608073138313, 0.00039033651570493153]",-0.7018429702092845,0.0
47,dynamic,near_1e-4,4,1e-05,0.0001,half_power,"[-3.626817961886355, 2.2102325593447842]","[0.5297675534478531, 0.0024973483310100123]",6.161832559449877,6.863675529659162
47,dynamic,near_1e-4,4,1e-05,0.0001,logarithmic,"[-1709.888390697522, 206.33339421202297]","[236.19229944878083, 22.713830518277216]",42.69888184285999,43.400724813069274
47,static,all,10,1e-05,0.01,free_power,"[0.08680643270484587, 0.33796662467022703]","[0.05435469916951842, 0.10736126087041663]",-106.14896443425728,0.7048583243649347
47,static,all,10,1e-05,0.01,half_power,[0.20448486649866138],[0.03238095551498688],-106.85382275862221,0.0
47,static,drop_smallest,9,2e-05,0.01,free_power,"[0.08394422667105446, 0.33159453939251105]","[0.057072948135613005, 0.1167206338716203]",-93.82368944097303,1.0751804593874965
47,static,drop_smallest,9,2e-05,0.01,half_power,[0.20449241813230526],[0.03435409327742229],-94.89886990036052,0.0
47,static,drop_largest,9,1e-05,0.005,free_power,"[0.5152067419437658, 0.5880806937856289]","[0.06778211891062035, 0.022326240920390053]",-131.63158007265253,0.0
47,static,drop_largest,9,1e-05,0.005,half_power,[0.3053396995223981],[0.010371226261036036],-123.24116246862698,8.390417604025544
47,static,near_5e-4,6,1e-05,0.0005,free_power,"[0.6123616045712015, 0.6221271132316212]","[0.13163943982785353, 0.02650302995761488]",-101.39555574758522,0.0
47,static,near_5e-4,6,1e-05,0.0005,half_power,[0.2251528003476922],[0.010638978422219968],-94.82623100143186,6.569324746153356
47,static,near_2e-4,5,1e-05,0.0002,free_power,"[0.27912649039928855, 0.5376876566709499]","[0.03446337441764754, 0.013613403031773344]",-94.25472392137439,0.24888473554914015
47,static,near_2e-4,5,1e-05,0.0002,half_power,[0.19830321488546312],[0.0032326508846954316],-94.50360865692353,0.0
47,static,near_1e-4,4,1e-05,0.0001,free_power,"[0.20582584820288438, 0.5074188106181233]","[0.007551772548198377, 0.003772199175596533]",-82.22763406936349,7.603854349577034
47,static,near_1e-4,4,1e-05,0.0001,half_power,[0.19175492828958948],[0.0006934591922365561],-89.83148841894052,0.0
51,dynamic,all,10,1e-05,0.01,free_power,"[-142721.44950122674, 142728.24920807782, 3.278401308339663e-05]","[198449994.0048461, 198449987.4111215, 0.04557099840384114]",36.32400709020817,4.287485694101804
51,dynamic,all,10,1e-05,0.01,half_power,"[36.5366811421095, 0.08184456258907455]","[3.8332477807417886, 0.027897539280920845]",46.38492796039804,14.348406564291672
51,dynamic,all,10,1e-05,0.01,logarithmic,"[6.79423438813521, 4.6805486764811395]","[4.9786525127468435, 0.5957188700350043]",32.036521396106366,0.0
51,dynamic,drop_smallest,9,2e-05,0.01,free_power,"[-168352.6021240488, 168355.34842548458, 3.1418709953021315e-05]","[2.5672096887719005, 2.5672097660350692, 3.845437770314394e-06]",31.512927494703106,4.80165895324917
51,dynamic,drop_smallest,9,2e-05,0.01,half_power,"[34.11181878035922, 0.12624571196234033]","[3.919824036746149, 0.03946220442058209]",41.06006092788168,14.348792386427743
51,dynamic,drop_smallest,9,2e-05,0.01,logarithmic,"[2.7410546524271533, 5.290872264108485]","[4.754113726383059, 0.5995377568053881]",26.711268541453936,0.0
51,dynamic,drop_largest,9,1e-05,0.005,free_power,"[-131878.50506903155, 131890.85210336835, 3.10407987980254e-05]","[231107979.9383784, 231107972.71988454, 0.05437779736890489]",31.898166701514473,4.801245705487624
51,dynamic,drop_largest,9,1e-05,0.005,half_power,"[39.909237810800896, 0.06536688848567929]","[3.397081807722082, 0.02346071857836719]",38.376727851008404,11.279806854981555
51,dynamic,drop_largest,9,1e-05,0.005,logarithmic,"[12.342013435670845, 4.095158484621077]","[5.313431803791331, 0.6125216078852952]",27.09692099602685,0.0
51,dynamic,near_5e-4,6,1e-05,0.0005,free_power,"[-34487.94602662895, 34521.44389281764, 5.7130773429647364e-05]","[142602266.77329004, 142602245.50862184, 0.23586785757231457]",19.34142771685517,10.000921865420228
51,dynamic,near_5e-4,6,1e-05,0.0005,half_power,"[48.85979791500325, 0.023855804382048738]","[1.6477797981554048, 0.009333703396904187]",14.745081472939052,5.404575621504112
51,dynamic,near_5e-4,6,1e-05,0.0005,logarithmic,"[33.49226180449717, 1.973372094150195]","[4.081791178594404, 0.4214379338310712]",9.34050585143494,0.0
51,dynamic,near_2e-4,5,1e-05,0.0002,free_power,"[-16760.96920925047, 16801.785315845562, 7.581489360437428e-05]","[80367300.98058257, 80367275.86296034, 0.3623535532201649]",23.035212989486933,20.000870436522465
51,dynamic,near_2e-4,5,1e-05,0.0002,half_power,"[51.16608191421287, 0.013990678103107852]","[0.9408242165110494, 0.004891112197265292]",7.204467890263481,4.170125337299012
51,dynamic,near_2e-4,5,1e-05,0.0002,logarithmic,"[40.81101314187682, 1.2748235739056466]","[2.6864160995438975, 0.26729064327601826]",3.0343425529644685,0.0
51,dynamic,near_1e-4,4,1e-05,0.0001,free_power,"[-8230.558329312284, 8275.704881576494, 0.00010537605780425458]","[34674923.59779237, 34674902.08469145, 0.44102887470791163]",17.736551303933535,14.000935884346612
51,dynamic,near_1e-4,4,1e-05,0.0001,half_power,"[52.48076348462122, 0.008738424742405876]","[0.5967792227813853, 0.002813244233838461]",7.114698955778312,3.3790835361913896
51,dynamic,near_1e-4,4,1e-05,0.0001,logarithmic,"[45.141482165883396, 0.8730301397280338]","[1.8116497340088535, 0.1742203482032398]",3.7356154195869227,0.0
51,static,all,10,1e-05,0.01,free_power,"[0.04071410338368512, 0.1398916529854616]","[0.03353829174391469, 0.11653218128483926]",-87.50951833142051,0.0
51,static,all,10,1e-05,0.01,half_power,[0.273780925973839],[0.09613645750734165],-85.08985961666454,2.4196587147559683
51,static,drop_smallest,9,2e-05,0.01,free_power,"[0.034291288507930666, 0.1098544100360303]","[0.030364616255318326, 0.12488680853200879]",-77.60314681733581,0.0
51,static,drop_smallest,9,2e-05,0.01,half_power,[0.2737669598771908],[0.10199490086263917],-75.31124026665873,2.2919065506770835
51,static,drop_largest,9,1e-05,0.005,free_power,"[0.04865095164880948, 0.15926661678550633]","[0.05468160618236291, 0.15019265372525878]",-77.08309572439073,0.0
51,static,drop_largest,9,1e-05,0.005,half_power,[0.3721495036624421],[0.1407933532365962],-76.29251904576738,0.7905766786233528
51,static,near_5e-4,6,1e-05,0.0005,free_power,"[0.9563328839805724, 0.4835678800369104]","[3.0133932617203785, 0.37889004687052896]",-48.38782356144962,4.995765873869409
51,static,near_5e-4,6,1e-05,0.0005,half_power,[1.0950594737257764],[0.33632499119172093],-53.38358943531903,0.0
51,static,near_2e-4,5,1e-05,0.0002,free_power,"[861643.5491459689, 1.9998744162512845]","[1225185.9601906734, 0.16601302555242597]",-60.81622738202449,0.0
51,static,near_2e-4,5,1e-05,0.0002,half_power,[1.5530094938412549],[0.48493370020105475],-44.39651194570941,16.41971543631508
51,static,near_1e-4,4,1e-05,0.0001,free_power,"[2302.644765831687, 1.376416512617638]","[7164.27577852092, 0.3337133831408293]",-44.33466367202268,4.062841680309049
51,static,near_1e-4,4,1e-05,0.0001,half_power,[0.5424557649943774],[0.1231231407347675],-48.39750535233173,0.0
52,dynamic,all,10,1e-05,0.01,free_power,"[8.704837119768978, 2.7927359231080717, 0.4099703389266233]","[2.529120308181112, 0.3231925490864824, 0.009701481600231097]",22.533641057450804,0.0
52,dynamic,all,10,1e-05,0.01,half_power,"[26.045783239003303, 0.9644840979361761]","[3.2403839294863954, 0.02358280601874745]",43.02451587733195,20.490874819881146
52,dynamic,all,10,1e-05,0.01,logarithmic,"[-198.52542307673568, 39.532017922699644]","[44.500877928739726, 5.324736527366794]",75.84351403766367,53.30987298021286
52,dynamic,drop_smallest,9,2e-05,0.01,free_power,"[4.933592637846055, 3.547436551205685, 0.3879639555892878]","[2.314604073880802, 0.40264825565877144, 0.009941300230701793]",15.046824397967796,0.0
52,dynamic,drop_smallest,9,2e-05,0.01,half_power,"[23.72740850817851, 1.0069353755932708]","[3.162582771111766, 0.03183879830775346]",37.19622176908716,22.149397371119363
52,dynamic,drop_smallest,9,2e-05,0.01,logarithmic,"[-150.4767752356955, 32.29690235137046]","[32.49682110795211, 4.098150107910465]",61.30964275609041,46.262818358122615
52,dynamic,drop_largest,9,1e-05,0.005,free_power,"[10.45249004880706, 2.6215620966116897, 0.4150535503513549]","[3.135213790065445, 0.3569961801904853, 0.01131132382131128]",21.87196838352894,0.0
52,dynamic,drop_largest,9,1e-05,0.005,half_power,"[28.41171433634155, 0.9529246059220321]","[3.20025309797986, 0.022101392062080144]",37.30236435139834,15.430395967869398
52,dynamic,drop_largest,9,1e-05,0.005,logarithmic,"[-241.31131672477602, 44.04669711684715]","[50.33382396779205, 5.802380811663266]",67.56883012865524,45.6968617451263
52,dynamic,near_5e-4,6,1e-05,0.0005,free_power,"[26.44005713476434, 1.5123567366463804, 0.458675408027282]","[2.05109054334948, 0.12507695435324553, 0.006695825267959677]",9.456661160459753,0.0
52,dynamic,near_5e-4,6,1e-05,0.0005,half_power,"[37.59409492161674, 0.9106126870049426]","[1.680469692423685, 0.009518872388319069]",14.980815539839258,5.524154379379505
52,dynamic,near_5e-4,6,1e-05,0.0005,logarithmic,"[-426.2113245995023, 62.52742556069258]","[77.08579953236404, 7.958976538635144]",44.601103776152364,35.14444261569261
52,dynamic,near_2e-4,5,1e-05,0.0002,free_power,"[30.955094949169897, 1.2962649049058619, 0.47080445827368445]","[1.4025863058573256, 0.06863397644194523, 0.004229712260982727]",13.110721670919048,4.007097989153891
52,dynamic,near_2e-4,5,1e-05,0.0002,half_power,"[39.85705883592907, 0.9009328623292637]","[1.1375952538662724, 0.005914076156172808]",9.103623681765157,0.0
52,dynamic,near_2e-4,5,1e-05,0.0002,logarithmic,"[-539.5462769282701, 73.34483950641626]","[82.62272587439459, 8.220722596986185]",37.29510866021311,28.191484978447953
52,dynamic,near_1e-4,4,1e-05,0.0001,free_power,"[33.56272936224118, 1.1920124950744506, 0.4773317226808568]","[1.2022328443194246, 0.049810594277930734, 0.0032930537982582826]",9.155541987468279,0.0
52,dynamic,near_1e-4,4,1e-05,0.0001,half_power,"[41.350684539201715, 0.894965713486795]","[0.928239388809081, 0.004375762435989793]",10.648638279294408,1.493096291826129
52,dynamic,near_1e-4,4,1e-05,0.0001,logarithmic,"[-650.2732610190369, 83.61840916737523]","[92.36454025123766, 8.882391629873313]",35.1876568229015,26.032114835433223
52,static,all,10,1e-05,0.01,free_power,"[0.060409184071095745, 0.29968725795615536]","[0.023674680644756106, 0.06524564377422992]",-117.30147937915291,0.0
52,static,all,10,1e-05,0.01,half_power,[0.17673037020637],[0.02158443944851576],-114.96577875338096,2.335700625771949
52,static,drop_smallest,9,2e-05,0.01,free_power,"[0.058430986758747215, 0.2935865336961435]","[0.025082056104850398, 0.07170855348087092]",-103.86551415727183,0.0
52,static,drop_smallest,9,2e-05,0.01,half_power,[0.17661539263147674],[0.02283159181809815],-102.25323774837827,1.612276408893564
52,static,drop_largest,9,1e-05,0.005,free_power,"[0.046348294365332665, 0.26547980853371084]","[0.027354092988055845, 0.08606040462193038]",-104.3062889244204,0.0
52,static,drop_largest,9,1e-05,0.005,half_power,[0.19320323143506993],[0.03240848945401906],-102.73222990604644,1.5740590183739585
52,static,near_5e-4,6,1e-05,0.0005,free_power,"[1.0435203133077797, 0.6151200227198094]","[0.49708379344695114, 0.05866510815441818]",-84.67445240188653,0.8481610658052432
52,static,near_5e-4,6,1e-05,0.0005,half_power,[0.4063285211177634],[0.023099845492722967],-85.52261346769177,0.0
52,static,near_2e-4,5,1e-05,0.0002,free_power,"[0.1896760643393186, 0.4330431480232037]","[0.017669032537789266, 0.010124135264699703]",-90.41828191525951,0.0
52,static,near_2e-4,5,1e-05,0.0002,half_power,[0.3488777267631007],[0.009610439507246993],-83.60813417340421,6.810147741855303
52,static,near_1e-4,4,1e-05,0.0001,free_power,"[0.23234973579428206, 0.45295927970425387]","[0.014909058105690222, 0.006560156410089601]",-72.21778174020275,0.0
52,static,near_1e-4,4,1e-05,0.0001,half_power,[0.3670588761941185],[0.007114900951295268],-71.20545486048277,1.0123268797199785
60,dynamic,all,10,1e-05,0.01,free_power,"[-2.4946686218890934, 3.701781540180627, 0.4390891887079226]","[3.205510568546444, 0.3273814311783428, 0.007467950420917931]",29.26223075818446,0.0
60,dynamic,all,10,1e-05,0.01,half_power,"[17.860567545150055, 1.8078270687576257]","[4.17516213818829, 0.03038591746438904]",48.0937435678989,18.831512809714436
60,dynamic,all,10,1e-05,0.01,logarithmic,"[-395.45363419039705, 73.15301347724825]","[89.64165061326186, 10.726039479086245]",89.8497368866882,60.58750612850375
60,dynamic,drop_smallest,9,2e-05,0.01,free_power,"[-0.06784483499277504, 3.331151121161817, 0.44894260553211496]","[3.5840270990894236, 0.4051099849919263, 0.010848053671139491]",27.018887043051375,0.0
60,dynamic,drop_smallest,9,2e-05,0.01,half_power,"[13.579851688446446, 1.8862103695575414]","[2.9611693378846407, 0.02981110032839416]",36.011736115767256,8.992849072715881
60,dynamic,drop_smallest,9,2e-05,0.01,logarithmic,"[-302.91938419365385, 59.21930196614689]","[69.93737971280117, 8.819751302546562]",75.1058865011446,48.08699945809322
60,dynamic,drop_largest,9,1e-05,0.005,free_power,"[-5.9776916614132745, 3.9795697731784108, 0.4332431988339054]","[3.62819554690854, 0.3587793927974686, 0.007526559738454709]",25.689531482957907,0.0
60,dynamic,drop_largest,9,1e-05,0.005,half_power,"[19.444486806970986, 1.8000883384188304]","[4.727812168538501, 0.03265092723719922]",44.326551389811144,18.637019906853237
60,dynamic,drop_largest,9,1e-05,0.005,logarithmic,"[-484.7661096573757, 82.57708162786928]","[100.18798852385865, 11.549467445205774]",79.95950815476353,54.26997667180562
60,dynamic,near_5e-4,6,1e-05,0.0005,free_power,"[-19.116166429175383, 5.037186101082433, 0.41450771586409285]","[1.9661131406067776, 0.1721499245595529, 0.002726449310636652]",6.820574341768154,0.0
60,dynamic,near_5e-4,6,1e-05,0.0005,half_power,"[30.314973981728276, 1.750453033016393]","[6.541070061043861, 0.03705131499986854]",31.2891452356051,24.468570893836947
60,dynamic,near_5e-4,6,1e-05,0.0005,logarithmic,"[-867.9828752412675, 120.89711284888357]","[135.93293791121408, 14.03484257667614]",51.40801454531121,44.58744020354305
60,dynamic,near_2e-4,5,1e-05,0.0002,free_power,"[-18.566796091611945, 4.996865486681485, 0.41512892079835667]","[4.120039031514564, 0.32190198737473724, 0.005047388186699437]",21.529499637096727,0.0
60,dynamic,near_2e-4,5,1e-05,0.0002,half_power,"[37.80004323073441, 1.718435660590694]","[6.260795394881009, 0.032548325781367876]",26.15753025754682,4.628030620450094
60,dynamic,near_2e-4,5,1e-05,0.0002,logarithmic,"[-1073.5089957110972, 140.51384268178893]","[140.2335271716276, 13.952830968594139]",42.585351570837375,21.055851933740648
60,dynamic,near_1e-4,4,1e-05,0.0001,free_power,"[-12.488804240108397, 4.599637158464287, 0.4214517752770869]","[6.762881932773228, 0.4542754635845577, 0.007631536578854015]",21.044490088021725,0.0
60,dynamic,near_1e-4,4,1e-05,0.0001,half_power,"[45.437297963569165, 1.6879242440823066]","[6.06164865532366, 0.02857488550297203]",25.66021717038005,4.615727082358326
60,dynamic,near_1e-4,4,1e-05,0.0001,logarithmic,"[-1263.353390211823, 158.1281544211902]","[154.4713484389136, 14.854997466054794]",39.301780664096356,18.25729057607463
60,static,all,10,1e-05,0.01,free_power,"[0.036596506868386613, 0.20142806642778183]","[0.05202959030665789, 0.21564217482268877]",-87.47621997722179,1.38546374660784
60,static,all,10,1e-05,0.01,half_power,[0.17436034157345795],[0.0796130010360703],-88.86168372382963,0.0
60,static,drop_smallest,9,2e-05,0.01,free_power,"[0.0336238850455771, 0.1859004131155348]","[0.052865609513891076, 0.23932386436098782]",-77.00073837116005,1.7067422122024851
60,static,drop_smallest,9,2e-05,0.01,half_power,[0.1742861651046391],[0.08445702322997956],-78.70748058336254,0.0
60,static,drop_largest,9,1e-05,0.005,free_power,"[0.0851146506390767, 0.2994789526443435]","[0.15466177373586446, 0.2713550853523688]",-77.8503151970568,2.687392855059173
60,static,drop_largest,9,1e-05,0.005,half_power,[0.2831272103668459],[0.11121323579238393],-80.53770805211597,0.0
60,static,near_5e-4,6,1e-05,0.0005,free_power,"[0.20081869702977634, 0.4489246725947105]","[0.03458498434162866, 0.02055155142725925]",-98.11491190434324,0.0
60,static,near_5e-4,6,1e-05,0.0005,half_power,[0.30621712837606074],[0.008454282716655001],-97.58444686316695,0.5304650411762992
60,static,near_2e-4,5,1e-05,0.0002,free_power,"[0.3447487360369037, 0.50557335922657]","[0.023597212081050575, 0.0075159960341300664]",-94.81758097215008,5.81400804843598
60,static,near_2e-4,5,1e-05,0.0002,half_power,[0.32773898362244774],[0.001751555888968597],-100.63158902058606,0.0
60,static,near_1e-4,4,1e-05,0.0001,free_power,"[0.40687959904564963, 0.5220087961693282]","[0.010791018010954908, 0.002730615612381898]",-80.59685635885813,0.0
60,static,near_1e-4,4,1e-05,0.0001,half_power,[0.32865166982546473],[0.0028474717213788805],-78.53153346315732,2.0653228957008167
