alpha,lambda,seed,P,trajectory_class,transitions,transition_rate,forward_fraction,reversal_fraction,tours,fixed_residual,periodic_closure,peak_analog_mean,binary_retrieval_mean,participation_mean,front_width_mean,quarter_1_transitions,quarter_2_transitions,quarter_3_transitions,quarter_4_transitions,trajectory_source,lyapunov_source,lyapunov_k,lyapunov_final,lyapunov_tail_250,lyapunov_status
0.05,0.35,42,100,strict_sequence,98,0.06125,1.0,0.0,0.98,0.05179071920951067,1.1961380518907567,0.8244862965913102,0.938942,1.348589096178556,1.2460471220548717,24,25,24,25,/Users/leoflack/Documents/Codex/2026-07-25/automate/outputs/paper_v5_numerics/runs/N8/trajectory_N2000_a0p05_lam0p35_s42.npz,,,,,not_computed
0.05,0.35,43,100,strict_sequence,99,0.061875,1.0,0.0,0.99,0.03931845352350291,1.1805098089116466,0.8267849659579402,0.939148,1.344239425476588,1.2419223798512593,25,24,25,25,/Users/leoflack/Documents/Codex/2026-07-25/automate/outputs/paper_v5_numerics/runs/N8/trajectory_N2000_a0p05_lam0p35_s43.npz,,,,,not_computed
0.05,0.35,44,100,strict_sequence,98,0.06125,1.0,0.0,0.98,0.04938109996906023,1.1595569373305719,0.8235701814577088,0.939802,1.3505301091452946,1.2505468408224485,25,24,25,24,/Users/leoflack/Documents/Codex/2026-07-25/automate/outputs/paper_v5_numerics/runs/N8/trajectory_N2000_a0p05_lam0p35_s44.npz,,,,,not_computed
0.05,0.35,45,100,strict_sequence,98,0.06125,1.0,0.0,0.98,0.04940299064429094,0.9135251997356267,0.8268176403481103,0.9386519999999999,1.3549585455856898,1.247797012686707,24,25,24,25,/Users/leoflack/Documents/Codex/2026-07-25/automate/outputs/paper_v5_numerics/runs/N8/trajectory_N2000_a0p05_lam0p35_s45.npz,,,,,not_computed
0.05,0.35,46,100,strict_sequence,98,0.06125,1.0,0.0,0.98,0.02013486718492611,0.8064105672097469,0.8257013287369004,0.939361,1.3556935537554542,1.2491719267545778,25,25,24,24,/Users/leoflack/Documents/Codex/2026-07-25/automate/outputs/paper_v5_numerics/runs/N8/trajectory_N2000_a0p05_lam0p35_s46.npz,/Users/leoflack/Documents/Codex/2026-07-25/automate/outputs/paper_v5_numerics/runs/N8/lyapunov_N2000_a0p05_lam0p35_s46_k1.npz,1,-0.0029400231434340146,0.000487260660980444,no_positive_exponent_resolved
0.05,0.4,42,100,strict_sequence,115,0.071875,1.0,0.0,1.15,0.05965098979067228,0.00010521056771090971,0.8596622357141837,0.94955,1.2693744644840095,1.1903006062121118,29,29,28,29,/Users/leoflack/Documents/Codex/2026-07-25/automate/outputs/paper_v5_numerics/runs/N8/trajectory_N2000_a0p05_lam0p40_s42.npz,,,,,not_computed
0.05,0.4,43,100,strict_sequence,116,0.0725,1.0,0.0,1.16,0.054318112327212155,0.00043930177613174797,0.8608915379835369,0.951915,1.2681698527130962,1.1868008249484407,29,29,29,29,/Users/leoflack/Documents/Codex/2026-07-25/automate/outputs/paper_v5_numerics/runs/N8/trajectory_N2000_a0p05_lam0p40_s43.npz,,,,,not_computed
0.05,0.4,44,100,strict_sequence,115,0.071875,1.0,0.0,1.15,0.05498287149638448,0.00036140410688298907,0.86063671142452,0.950677,1.2704039678100982,1.187488281982376,29,29,28,29,/Users/leoflack/Documents/Codex/2026-07-25/automate/outputs/paper_v5_numerics/runs/N8/trajectory_N2000_a0p05_lam0p40_s44.npz,,,,,not_computed
0.05,0.4,45,100,strict_sequence,115,0.071875,1.0,0.0,1.15,0.02149845294372708,0.002150363005958757,0.8610580038807208,0.9510129999999999,1.2759233818499542,1.189425660896194,29,29,28,29,/Users/leoflack/Documents/Codex/2026-07-25/automate/outputs/paper_v5_numerics/runs/N8/trajectory_N2000_a0p05_lam0p40_s45.npz,,,,,not_computed
0.05,0.4,46,100,strict_sequence,115,0.071875,1.0,0.0,1.15,0.04590809532914904,0.0014343444343423602,0.8609750607367384,0.95078,1.2749765942868443,1.1902381101181176,29,29,28,29,/Users/leoflack/Documents/Codex/2026-07-25/automate/outputs/paper_v5_numerics/runs/N8/trajectory_N2000_a0p05_lam0p40_s46.npz,/Users/leoflack/Documents/Codex/2026-07-25/automate/outputs/paper_v5_numerics/runs/N8/lyapunov_N2000_a0p05_lam0p40_s46_k1.npz,1,-0.004139945277132176,-0.0002831635407491021,no_positive_exponent_resolved
0.05,0.5,42,100,strict_sequence,131,0.081875,1.0,0.0,1.31,0.072900759159642,0.00017470241508412841,0.8943660412124558,0.966318,1.1888307497139454,1.131179301293669,33,33,32,33,/Users/leoflack/Documents/Codex/2026-07-25/automate/outputs/paper_v5_numerics/runs/N8/trajectory_N2000_a0p05_lam0p50_s42.npz,,,,,not_computed
0.05,0.5,43,100,strict_sequence,131,0.081875,1.0,0.0,1.31,0.06884807633383147,0.002172668549631842,0.8950114683456603,0.966516,1.1902408538487563,1.1289294419098805,33,33,32,33,/Users/leoflack/Documents/Codex/2026-07-25/automate/outputs/paper_v5_numerics/runs/N8/trajectory_N2000_a0p05_lam0p50_s43.npz,,,,,not_computed
0.05,0.5,44,100,strict_sequence,131,0.081875,1.0,0.0,1.31,0.07108510132254246,1.5625016014032748e-05,0.8946520762296927,0.966221,1.1923565314349465,1.1304918442597338,33,33,32,33,/Users/leoflack/Documents/Codex/2026-07-25/automate/outputs/paper_v5_numerics/runs/N8/trajectory_N2000_a0p05_lam0p50_s44.npz,,,,,not_computed
0.05,0.5,45,100,strict_sequence,131,0.081875,1.0,0.0,1.31,0.07143052433205163,1.4247925526771353e-05,0.894903959115992,0.9662070000000001,1.1950879210536565,1.1320542466095869,33,33,32,33,/Users/leoflack/Documents/Codex/2026-07-25/automate/outputs/paper_v5_numerics/runs/N8/trajectory_N2000_a0p05_lam0p50_s45.npz,,,,,not_computed
0.05,0.5,46,100,strict_sequence,131,0.081875,1.0,0.0,1.31,0.07343053562067875,2.261628838967324e-05,0.8947481448119743,0.9673399999999999,1.1949769606894902,1.1314917817636398,33,33,32,33,/Users/leoflack/Documents/Codex/2026-07-25/automate/outputs/paper_v5_numerics/runs/N8/trajectory_N2000_a0p05_lam0p50_s46.npz,/Users/leoflack/Documents/Codex/2026-07-25/automate/outputs/paper_v5_numerics/runs/N8/lyapunov_N2000_a0p05_lam0p50_s46_k1.npz,1,-0.008271037659508373,-0.0001122487892968953,no_positive_exponent_resolved
0.05,0.7,42,100,strict_sequence,143,0.089375,1.0,0.0,1.43,0.10231690212840361,0.00014365544762041154,0.9201322094976068,0.9911129999999999,1.1376769506330802,1.0874945315917754,36,36,35,36,/Users/leoflack/Documents/Codex/2026-07-25/automate/outputs/paper_v5_numerics/runs/N8/trajectory_N2000_a0p05_lam0p70_s42.npz,,,,,not_computed
0.05,0.7,43,100,strict_sequence,143,0.089375,1.0,0.0,1.43,0.10151863444223941,0.0001569781715800893,0.9200401753603198,0.979416,1.138865618991446,1.0876195237797637,36,36,35,36,/Users/leoflack/Documents/Codex/2026-07-25/automate/outputs/paper_v5_numerics/runs/N8/trajectory_N2000_a0p05_lam0p70_s43.npz,,,,,not_computed
0.05,0.7,44,100,strict_sequence,143,0.089375,1.0,0.0,1.43,0.09915281583147818,0.00019390360122843812,0.9201781752812415,0.98223,1.1390006978815301,1.0870570589338167,36,36,35,36,/Users/leoflack/Documents/Codex/2026-07-25/automate/outputs/paper_v5_numerics/runs/N8/trajectory_N2000_a0p05_lam0p70_s44.npz,,,,,not_computed
0.05,0.7,45,100,strict_sequence,143,0.089375,1.0,0.0,1.43,0.10439848693610936,0.00025412999006325595,0.9205430012083274,0.991539,1.1414650469632281,1.088181988625711,36,36,35,36,/Users/leoflack/Documents/Codex/2026-07-25/automate/outputs/paper_v5_numerics/runs/N8/trajectory_N2000_a0p05_lam0p70_s45.npz,,,,,not_computed
0.05,0.7,46,100,strict_sequence,143,0.089375,1.0,0.0,1.43,0.09755504338871082,0.0001891056384971326,0.9203385231840303,0.9905419999999999,1.141778177523433,1.0878695081557404,36,36,35,36,/Users/leoflack/Documents/Codex/2026-07-25/automate/outputs/paper_v5_numerics/runs/N8/trajectory_N2000_a0p05_lam0p70_s46.npz,/Users/leoflack/Documents/Codex/2026-07-25/automate/outputs/paper_v5_numerics/runs/N8/lyapunov_N2000_a0p05_lam0p70_s46_k1.npz,1,-0.006890983060003418,0.0001625263614178581,no_positive_exponent_resolved
0.05,0.9,42,100,strict_sequence,148,0.0925,1.0,0.0,1.48,0.12589590908185624,6.889184819745914e-05,0.9300628028092436,0.983866,1.128685959951901,1.0699956252734204,37,37,37,37,/Users/leoflack/Documents/Codex/2026-07-25/automate/outputs/paper_v5_numerics/runs/N8/trajectory_N2000_a0p05_lam0p90_s42.npz,,,,,not_computed
0.05,0.9,43,100,strict_sequence,148,0.0925,1.0,0.0,1.48,0.13091210725575797,8.156684756134919e-05,0.9299577804443814,0.9837400000000001,1.129074801045262,1.0700581213674145,37,37,37,37,/Users/leoflack/Documents/Codex/2026-07-25/automate/outputs/paper_v5_numerics/runs/N8/trajectory_N2000_a0p05_lam0p90_s43.npz,,,,,not_computed
0.05,0.9,44,100,strict_sequence,148,0.0925,1.0,0.0,1.48,0.13118506132647573,5.719964444445784e-05,0.9300777898156085,0.9838760000000001,1.129557403762228,1.0702456096493969,37,37,37,37,/Users/leoflack/Documents/Codex/2026-07-25/automate/outputs/paper_v5_numerics/runs/N8/trajectory_N2000_a0p05_lam0p90_s44.npz,,,,,not_computed
0.05,0.9,45,100,strict_sequence,148,0.0925,1.0,0.0,1.48,0.12951026806709048,3.350083401963976e-05,0.9304016212115449,0.9844400000000001,1.1312266995178586,1.0709330666833323,37,37,37,37,/Users/leoflack/Documents/Codex/2026-07-25/automate/outputs/paper_v5_numerics/runs/N8/trajectory_N2000_a0p05_lam0p90_s45.npz,,,,,not_computed
0.05,0.9,46,100,strict_sequence,148,0.0925,1.0,0.0,1.48,0.13215070446032942,4.957102724779337e-05,0.9302684499847929,0.984232,1.1313920962830495,1.0704955940253733,37,37,37,37,/Users/leoflack/Documents/Codex/2026-07-25/automate/outputs/paper_v5_numerics/runs/N8/trajectory_N2000_a0p05_lam0p90_s46.npz,/Users/leoflack/Documents/Codex/2026-07-25/automate/outputs/paper_v5_numerics/runs/N8/lyapunov_N2000_a0p05_lam0p90_s46_k1.npz,1,-0.004679325282966373,-1.1949491885814339e-05,no_positive_exponent_resolved
0.09,0.35,42,180,strict_sequence,105,0.065625,1.0,0.0,0.5833333333333334,0.02425392712088878,0.9872326285769443,0.8260326089930446,0.910361,1.4347827324758486,1.2131116805199675,26,27,26,26,/Users/leoflack/Documents/Codex/2026-07-25/automate/outputs/paper_v5_numerics/runs/N8/trajectory_N2000_a0p09_lam0p35_s42.npz,,,,,not_computed
0.09,0.35,43,180,strict_sequence,105,0.065625,1.0,0.0,0.5833333333333334,0.02788632974193024,1.1307313225421636,0.8263097770116864,0.911126,1.4357244400173983,1.2129241922379852,26,27,26,26,/Users/leoflack/Documents/Codex/2026-07-25/automate/outputs/paper_v5_numerics/runs/N8/trajectory_N2000_a0p09_lam0p35_s43.npz,,,,,not_computed
0.09,0.35,44,180,strict_sequence,104,0.065,1.0,0.0,0.5777777777777777,0.01770004456153103,0.5175794211372229,0.827069111376154,0.9120530000000001,1.4286540594702735,1.2142366102118618,26,26,26,26,/Users/leoflack/Documents/Codex/2026-07-25/automate/outputs/paper_v5_numerics/runs/N8/trajectory_N2000_a0p09_lam0p35_s44.npz,,,,,not_computed
0.09,0.35,45,180,strict_sequence,104,0.065,1.0,0.0,0.5777777777777777,0.013654345384820092,0.5183277607626359,0.8273759067946607,0.9117850000000001,1.4263955125867636,1.2152365477157678,26,26,26,26,/Users/leoflack/Documents/Codex/2026-07-25/automate/outputs/paper_v5_numerics/runs/N8/trajectory_N2000_a0p09_lam0p35_s45.npz,,,,,not_computed
0.09,0.35,46,180,strict_sequence,105,0.065625,1.0,0.0,0.5833333333333334,0.037767470810403214,1.216871962713331,0.8270003418801529,0.9103979999999999,1.4346510479870336,1.2140491219298795,27,26,26,26,/Users/leoflack/Documents/Codex/2026-07-25/automate/outputs/paper_v5_numerics/runs/N8/trajectory_N2000_a0p09_lam0p35_s46.npz,/Users/leoflack/Documents/Codex/2026-07-25/automate/outputs/paper_v5_numerics/runs/N8/lyapunov_N2000_a0p09_lam0p35_s46_k1.npz,1,-0.004872448051556553,-0.0012790774885649014,no_positive_exponent_resolved
0.09,0.4,42,180,strict_sequence,117,0.073125,1.0,0.0,0.65,0.043698977462604455,0.9666608949206253,0.8559147725158747,0.9293969999999999,1.3433960635977649,1.1763639772514218,30,29,29,29,/Users/leoflack/Documents/Codex/2026-07-25/automate/outputs/paper_v5_numerics/runs/N8/trajectory_N2000_a0p09_lam0p40_s42.npz,,,,,not_computed
0.09,0.4,43,180,strict_sequence,117,0.073125,1.0,0.0,0.65,0.04449494300088505,0.9828014833665883,0.8561645076696305,0.930502,1.3431950202167775,1.1753640397475158,30,29,29,29,/Users/leoflack/Documents/Codex/2026-07-25/automate/outputs/paper_v5_numerics/runs/N8/trajectory_N2000_a0p09_lam0p40_s43.npz,,,,,not_computed
0.09,0.4,44,180,strict_sequence,117,0.073125,1.0,0.0,0.65,0.042120948631064664,1.189664913517207,0.8560656821690179,0.930326,1.342604257837573,1.177488906943316,29,30,29,29,/Users/leoflack/Documents/Codex/2026-07-25/automate/outputs/paper_v5_numerics/runs/N8/trajectory_N2000_a0p09_lam0p40_s44.npz,,,,,not_computed
0.09,0.4,45,180,strict_sequence,117,0.073125,1.0,0.0,0.65,0.04377226104554735,1.2041925090444634,0.8561395873626664,0.930029,1.339758144136574,1.1785513405412162,30,29,29,29,/Users/leoflack/Documents/Codex/2026-07-25/automate/outputs/paper_v5_numerics/runs/N8/trajectory_N2000_a0p09_lam0p40_s45.npz,,,,,not_computed
0.09,0.4,46,180,strict_sequence,117,0.073125,1.0,0.0,0.65,0.030979572322580858,0.608783064862887,0.8565049821781251,0.929161,1.3446595227981921,1.175989000687457,30,29,29,29,/Users/leoflack/Documents/Codex/2026-07-25/automate/outputs/paper_v5_numerics/runs/N8/trajectory_N2000_a0p09_lam0p40_s46.npz,/Users/leoflack/Documents/Codex/2026-07-25/automate/outputs/paper_v5_numerics/runs/N8/lyapunov_N2000_a0p09_lam0p40_s46_k1.npz,1,-0.0030998140246329153,-0.0003634386578988822,no_positive_exponent_resolved
0.09,0.5,42,180,strict_sequence,131,0.081875,1.0,0.0,0.7277777777777777,0.043696666115576314,1.1916820484373674,0.8893931298355541,0.9522280000000001,1.2481882210205166,1.1301793637897632,33,32,33,33,/Users/leoflack/Documents/Codex/2026-07-25/automate/outputs/paper_v5_numerics/runs/N8/trajectory_N2000_a0p09_lam0p50_s42.npz,,,,,not_computed
0.09,0.5,43,180,strict_sequence,131,0.081875,1.0,0.0,0.7277777777777777,0.04785329372382606,1.2125410833209413,0.8892657151528794,0.952207,1.247294585673157,1.1298043872257983,33,32,33,33,/Users/leoflack/Documents/Codex/2026-07-25/automate/outputs/paper_v5_numerics/runs/N8/trajectory_N2000_a0p09_lam0p50_s43.npz,,,,,not_computed
0.09,0.5,44,180,strict_sequence,131,0.081875,1.0,0.0,0.7277777777777777,0.044154308054700095,1.1789007538919993,0.8896767458928221,0.9529770000000001,1.2459785059791955,1.1307418286357103,33,32,33,33,/Users/leoflack/Documents/Codex/2026-07-25/automate/outputs/paper_v5_numerics/runs/N8/trajectory_N2000_a0p09_lam0p50_s44.npz,,,,,not_computed
0.09,0.5,45,180,strict_sequence,131,0.081875,1.0,0.0,0.7277777777777777,0.04672066408544274,1.2180103568536649,0.889621513296427,0.9531219999999999,1.2453375363979695,1.1310543091056808,33,32,33,33,/Users/leoflack/Documents/Codex/2026-07-25/automate/outputs/paper_v5_numerics/runs/N8/trajectory_N2000_a0p09_lam0p50_s45.npz,,,,,not_computed
0.09,0.5,46,180,strict_sequence,131,0.081875,1.0,0.0,0.7277777777777777,0.05082613453419693,1.218638970487175,0.8891321529207685,0.950816,1.249108510269051,1.1310543091056808,33,32,33,33,/Users/leoflack/Documents/Codex/2026-07-25/automate/outputs/paper_v5_numerics/runs/N8/trajectory_N2000_a0p09_lam0p50_s46.npz,/Users/leoflack/Documents/Codex/2026-07-25/automate/outputs/paper_v5_numerics/runs/N8/lyapunov_N2000_a0p09_lam0p50_s46_k1.npz,1,-0.00429654423659535,0.0012017640603222545,no_positive_exponent_resolved
0.09,0.7,42,180,strict_sequence,142,0.08875,1.0,0.0,0.7888888888888889,0.07666752475932592,1.192242384041598,0.9170730558272113,0.9685360000000001,1.1828941684367709,1.0896193987875757,36,35,36,35,/Users/leoflack/Documents/Codex/2026-07-25/automate/outputs/paper_v5_numerics/runs/N8/trajectory_N2000_a0p09_lam0p70_s42.npz,,,,,not_computed
0.09,0.7,43,180,strict_sequence,142,0.08875,1.0,0.0,0.7888888888888889,0.07598197151423845,1.1907422545147492,0.9170000258669768,0.970643,1.1824384124657135,1.0889944378476346,36,35,36,35,/Users/leoflack/Documents/Codex/2026-07-25/automate/outputs/paper_v5_numerics/runs/N8/trajectory_N2000_a0p09_lam0p70_s43.npz,,,,,not_computed
0.09,0.7,44,180,strict_sequence,142,0.08875,1.0,0.0,0.7888888888888889,0.07613007808583802,1.1847739049827364,0.917428073807934,0.968828,1.1802995818438216,1.0895569026935816,36,35,36,35,/Users/leoflack/Documents/Codex/2026-07-25/automate/outputs/paper_v5_numerics/runs/N8/trajectory_N2000_a0p09_lam0p70_s44.npz,,,,,not_computed
0.09,0.7,45,180,strict_sequence,142,0.08875,1.0,0.0,0.7888888888888889,0.08019260116607548,1.1811783555004556,0.9172595350574942,0.9706089999999999,1.1815661400262973,1.0894319105055934,36,35,36,35,/Users/leoflack/Documents/Codex/2026-07-25/automate/outputs/paper_v5_numerics/runs/N8/trajectory_N2000_a0p09_lam0p70_s45.npz,,,,,not_computed
0.09,0.7,46,180,strict_sequence,142,0.08875,1.0,0.0,0.7888888888888889,0.07793568225771205,1.1580503995246008,0.916941663914161,0.967778,1.1834195299942065,1.0903068558215112,36,35,36,35,/Users/leoflack/Documents/Codex/2026-07-25/automate/outputs/paper_v5_numerics/runs/N8/trajectory_N2000_a0p09_lam0p70_s46.npz,/Users/leoflack/Documents/Codex/2026-07-25/automate/outputs/paper_v5_numerics/runs/N8/lyapunov_N2000_a0p09_lam0p70_s46_k1.npz,1,-0.0047696722981836965,0.000968366148975265,no_positive_exponent_resolved
0.09,0.9,42,180,strict_sequence,147,0.091875,1.0,0.0,0.8166666666666667,0.05285045972275186,0.6870701440731518,0.9273535157840905,0.9770440000000001,1.1779156262764088,1.0731829260671208,37,37,37,36,/Users/leoflack/Documents/Codex/2026-07-25/automate/outputs/paper_v5_numerics/runs/N8/trajectory_N2000_a0p09_lam0p90_s42.npz,,,,,not_computed
0.09,0.9,43,180,strict_sequence,147,0.091875,1.0,0.0,0.8166666666666667,0.0536466935692843,0.8659566868294797,0.9272560576779193,0.9775819999999998,1.1778333605151472,1.0721829885632148,37,37,37,36,/Users/leoflack/Documents/Codex/2026-07-25/automate/outputs/paper_v5_numerics/runs/N8/trajectory_N2000_a0p09_lam0p90_s43.npz,,,,,not_computed
0.09,0.9,44,180,strict_sequence,148,0.0925,1.0,0.0,0.8222222222222222,0.08666289141559975,1.1218944854050223,0.927494729540596,0.9770840000000001,1.1752990734098212,1.0730579338791326,37,37,37,37,/Users/leoflack/Documents/Codex/2026-07-25/automate/outputs/paper_v5_numerics/runs/N8/trajectory_N2000_a0p09_lam0p90_s44.npz,,,,,not_computed
0.09,0.9,45,180,strict_sequence,148,0.0925,1.0,0.0,0.8222222222222222,0.06852310414143199,0.9286838302947134,0.9274761274454625,0.9776309999999999,1.1771375656728935,1.072245484657209,37,37,37,37,/Users/leoflack/Documents/Codex/2026-07-25/automate/outputs/paper_v5_numerics/runs/N8/trajectory_N2000_a0p09_lam0p90_s45.npz,,,,,not_computed
0.09,0.9,46,180,strict_sequence,147,0.091875,1.0,0.0,0.8166666666666667,0.06358823353992804,0.6209271941087359,0.9273551983845131,0.9765699999999999,1.1779686172007386,1.0731829260671208,37,37,37,36,/Users/leoflack/Documents/Codex/2026-07-25/automate/outputs/paper_v5_numerics/runs/N8/trajectory_N2000_a0p09_lam0p90_s46.npz,/Users/leoflack/Documents/Codex/2026-07-25/automate/outputs/paper_v5_numerics/runs/N8/lyapunov_N2000_a0p09_lam0p90_s46_k1.npz,1,-0.004445273330048374,8.074830097469376e-05,no_positive_exponent_resolved
0.13,0.35,42,260,strict_sequence,102,0.06375,1.0,0.0,0.3923076923076923,0.020941750040238783,0.6822318342184907,0.8058872701961208,0.8751720000000001,1.5723959747020733,1.2126742078620085,25,26,26,25,/Users/leoflack/Documents/Codex/2026-07-25/automate/outputs/paper_v5_numerics/runs/N8/trajectory_N2000_a0p13_lam0p35_s42.npz,,,,,not_computed
0.13,0.35,43,260,strict_sequence,103,0.064375,1.0,0.0,0.39615384615384613,0.026189768564543973,1.1066332315618237,0.8056786410359005,0.8748490000000001,1.5858469165100328,1.2119867508280733,26,25,26,26,/Users/leoflack/Documents/Codex/2026-07-25/automate/outputs/paper_v5_numerics/runs/N8/trajectory_N2000_a0p13_lam0p35_s43.npz,,,,,not_computed
0.13,0.35,44,260,strict_sequence,103,0.064375,1.0,0.0,0.39615384615384613,0.019916991654239408,1.0267571018360324,0.8075824526868769,0.87764,1.571001121162034,1.2132991688019499,25,26,26,26,/Users/leoflack/Documents/Codex/2026-07-25/automate/outputs/paper_v5_numerics/runs/N8/trajectory_N2000_a0p13_lam0p35_s44.npz,,,,,not_computed
0.13,0.35,45,260,strict_sequence,102,0.06375,1.0,0.0,0.3923076923076923,0.015581540437314577,0.8050252451933568,0.8065361245071432,0.876663,1.5737767222521817,1.2150490594337855,25,26,26,25,/Users/leoflack/Documents/Codex/2026-07-25/automate/outputs/paper_v5_numerics/runs/N8/trajectory_N2000_a0p13_lam0p35_s45.npz,,,,,not_computed
0.13,0.35,46,260,strict_sequence,103,0.064375,1.0,0.0,0.39615384615384613,0.03191394261939001,1.1999838649017511,0.8046730362272773,0.872572,1.591291651428042,1.2154865320917443,26,26,25,26,/Users/leoflack/Documents/Codex/2026-07-25/automate/outputs/paper_v5_numerics/runs/N8/trajectory_N2000_a0p13_lam0p35_s46.npz,/Users/leoflack/Documents/Codex/2026-07-25/automate/outputs/paper_v5_numerics/runs/N8/lyapunov_N2000_a0p13_lam0p35_s46_k1.npz,1,-0.003480074101410487,0.0002697135167154168,no_positive_exponent_resolved
0.13,0.4,42,260,strict_sequence,115,0.071875,1.0,0.0,0.4423076923076923,0.0380304373143518,1.2161673021930661,0.8402431197458118,0.903899,1.449228082121841,1.1803012311730516,29,28,29,29,/Users/leoflack/Documents/Codex/2026-07-25/automate/outputs/paper_v5_numerics/runs/N8/trajectory_N2000_a0p13_lam0p40_s42.npz,,,,,not_computed
0.13,0.4,43,260,strict_sequence,115,0.071875,1.0,0.0,0.4423076923076923,0.03556580051654131,1.0175568589104558,0.8414643405755686,0.905195,1.449979170315957,1.178426348353228,29,29,28,29,/Users/leoflack/Documents/Codex/2026-07-25/automate/outputs/paper_v5_numerics/runs/N8/trajectory_N2000_a0p13_lam0p40_s43.npz,,,,,not_computed
0.13,0.4,44,260,strict_sequence,115,0.071875,1.0,0.0,0.4423076923076923,0.03770633431666733,1.1664990250032048,0.8422289300189918,0.905985,1.4461233405268328,1.1791138053871633,29,29,28,29,/Users/leoflack/Documents/Codex/2026-07-25/automate/outputs/paper_v5_numerics/runs/N8/trajectory_N2000_a0p13_lam0p40_s44.npz,,,,,not_computed
0.13,0.4,45,260,strict_sequence,115,0.071875,1.0,0.0,0.4423076923076923,0.036857609566698216,1.2089759538525466,0.841222497889151,0.903383,1.4433600598653171,1.1807387038310106,29,28,29,29,/Users/leoflack/Documents/Codex/2026-07-25/automate/outputs/paper_v5_numerics/runs/N8/trajectory_N2000_a0p13_lam0p40_s45.npz,,,,,not_computed
0.13,0.4,46,260,strict_sequence,115,0.071875,1.0,0.0,0.4423076923076923,0.037359060754679936,1.1787264778743458,0.8398782323425672,0.9030039999999999,1.4596662123150088,1.1812386725829636,29,29,28,29,/Users/leoflack/Documents/Codex/2026-07-25/automate/outputs/paper_v5_numerics/runs/N8/trajectory_N2000_a0p13_lam0p40_s46.npz,/Users/leoflack/Documents/Codex/2026-07-25/automate/outputs/paper_v5_numerics/runs/N8/lyapunov_N2000_a0p13_lam0p40_s46_k1.npz,1,-0.0062897711297178254,6.007544949213739e-05,no_positive_exponent_resolved
0.13,0.5,42,260,strict_sequence,129,0.080625,1.0,0.0,0.49615384615384617,0.04580187311005352,1.1735308387232646,0.8802979069259833,0.9369670000000001,1.3155689013774696,1.1353040434972814,32,32,33,32,/Users/leoflack/Documents/Codex/2026-07-25/automate/outputs/paper_v5_numerics/runs/N8/trajectory_N2000_a0p13_lam0p50_s42.npz,,,,,not_computed
0.13,0.5,43,260,strict_sequence,129,0.080625,1.0,0.0,0.49615384615384617,0.04439513522765404,1.1992381353951391,0.8806436767925447,0.937392,1.3166550829523247,1.134116617711393,32,32,33,32,/Users/leoflack/Documents/Codex/2026-07-25/automate/outputs/paper_v5_numerics/runs/N8/trajectory_N2000_a0p13_lam0p50_s43.npz,,,,,not_computed
0.13,0.5,44,260,strict_sequence,129,0.080625,1.0,0.0,0.49615384615384617,0.04661912597352191,1.2053848986952478,0.8812412526273576,0.9366220000000001,1.3166140468580068,1.1348665708393226,32,32,33,32,/Users/leoflack/Documents/Codex/2026-07-25/automate/outputs/paper_v5_numerics/runs/N8/trajectory_N2000_a0p13_lam0p50_s44.npz,,,,,not_computed
0.13,0.5,45,260,strict_sequence,129,0.080625,1.0,0.0,0.49615384615384617,0.04621743045450167,1.186061147741547,0.8807828054364998,0.9367620000000001,1.314041028409642,1.1354290356852696,32,32,33,32,/Users/leoflack/Documents/Codex/2026-07-25/automate/outputs/paper_v5_numerics/runs/N8/trajectory_N2000_a0p13_lam0p50_s45.npz,,,,,not_computed
0.13,0.5,46,260,strict_sequence,129,0.080625,1.0,0.0,0.49615384615384617,0.04576475735603173,1.1981459881388024,0.8796760787091142,0.93585,1.323006828526843,1.135679020061246,32,32,33,32,/Users/leoflack/Documents/Codex/2026-07-25/automate/outputs/paper_v5_numerics/runs/N8/trajectory_N2000_a0p13_lam0p50_s46.npz,/Users/leoflack/Documents/Codex/2026-07-25/automate/outputs/paper_v5_numerics/runs/N8/lyapunov_N2000_a0p13_lam0p50_s46_k1.npz,1,-0.00471545084969214,1.134122637615505e-05,no_positive_exponent_resolved
0.13,0.7,42,260,strict_sequence,141,0.088125,1.0,0.0,0.5423076923076923,0.06316361893512763,1.1904586323770507,0.9121986720003348,0.962234,1.2312454313951098,1.0933691644272232,35,36,35,35,/Users/leoflack/Documents/Codex/2026-07-25/automate/outputs/paper_v5_numerics/runs/N8/trajectory_N2000_a0p13_lam0p70_s42.npz,,,,,not_computed
0.13,0.7,43,260,strict_sequence,141,0.088125,1.0,0.0,0.5423076923076923,0.06530381954791832,1.181489298390613,0.9119368273289677,0.9609580000000001,1.2343637363367612,1.0928066995812762,35,36,35,35,/Users/leoflack/Documents/Codex/2026-07-25/automate/outputs/paper_v5_numerics/runs/N8/trajectory_N2000_a0p13_lam0p70_s43.npz,,,,,not_computed
0.13,0.7,44,260,strict_sequence,141,0.088125,1.0,0.0,0.5423076923076923,0.05591110637256037,0.700730746416934,0.9126202953238327,0.961991,1.2309825000143515,1.0935566527092058,35,36,35,35,/Users/leoflack/Documents/Codex/2026-07-25/automate/outputs/paper_v5_numerics/runs/N8/trajectory_N2000_a0p13_lam0p70_s44.npz,,,,,not_computed
0.13,0.7,45,260,strict_sequence,141,0.088125,1.0,0.0,0.5423076923076923,0.06559256974145285,1.2006112145829897,0.9122806905532983,0.960916,1.231124229396128,1.093681644897194,35,36,35,35,/Users/leoflack/Documents/Codex/2026-07-25/automate/outputs/paper_v5_numerics/runs/N8/trajectory_N2000_a0p13_lam0p70_s45.npz,,,,,not_computed
0.13,0.7,46,260,strict_sequence,141,0.088125,1.0,0.0,0.5423076923076923,0.06390298698371356,1.159601522763595,0.9117315569957763,0.9607459999999999,1.2351943196304291,1.094181613649147,35,36,35,35,/Users/leoflack/Documents/Codex/2026-07-25/automate/outputs/paper_v5_numerics/runs/N8/trajectory_N2000_a0p13_lam0p70_s46.npz,/Users/leoflack/Documents/Codex/2026-07-25/automate/outputs/paper_v5_numerics/runs/N8/lyapunov_N2000_a0p13_lam0p70_s46_k1.npz,1,-0.004207212501699326,-3.0293084755143438e-05,no_positive_exponent_resolved
0.13,0.9,42,260,strict_sequence,147,0.091875,1.0,0.0,0.5653846153846154,0.08371300127688887,1.1895940126569637,0.9214871146883615,0.966758,1.230766709505699,1.0763077307668272,37,37,36,37,/Users/leoflack/Documents/Codex/2026-07-25/automate/outputs/paper_v5_numerics/runs/N8/trajectory_N2000_a0p13_lam0p90_s42.npz,,,,,not_computed
0.13,0.9,43,260,strict_sequence,147,0.091875,1.0,0.0,0.5653846153846154,0.08272191633020845,1.1684835510368485,0.921351983439962,0.966695,1.2334189528697235,1.0761202424848446,37,37,36,37,/Users/leoflack/Documents/Codex/2026-07-25/automate/outputs/paper_v5_numerics/runs/N8/trajectory_N2000_a0p13_lam0p90_s43.npz,,,,,not_computed
0.13,0.9,44,260,strict_sequence,147,0.091875,1.0,0.0,0.5653846153846154,0.08224195579678616,1.1753360667699875,0.9220660229488634,0.967364,1.2306261871436872,1.075807762014874,37,37,36,37,/Users/leoflack/Documents/Codex/2026-07-25/automate/outputs/paper_v5_numerics/runs/N8/trajectory_N2000_a0p13_lam0p90_s44.npz,,,,,not_computed
0.13,0.9,45,260,strict_sequence,147,0.091875,1.0,0.0,0.5653846153846154,0.08213181318441151,1.1759641640521186,0.9217139679707151,0.96706,1.230984145470716,1.0764952190488095,37,36,37,37,/Users/leoflack/Documents/Codex/2026-07-25/automate/outputs/paper_v5_numerics/runs/N8/trajectory_N2000_a0p13_lam0p90_s45.npz,,,,,not_computed
0.13,0.9,46,260,strict_sequence,147,0.091875,1.0,0.0,0.5653846153846154,0.08098789083433518,1.1957994139675119,0.920850976865892,0.9655179999999999,1.2348915074885654,1.0774951565527155,37,36,37,37,/Users/leoflack/Documents/Codex/2026-07-25/automate/outputs/paper_v5_numerics/runs/N8/trajectory_N2000_a0p13_lam0p90_s46.npz,/Users/leoflack/Documents/Codex/2026-07-25/automate/outputs/paper_v5_numerics/runs/N8/lyapunov_N2000_a0p13_lam0p90_s46_k1.npz,1,-0.0048990424987268655,0.0001393778927308293,no_positive_exponent_resolved
0.15,0.35,42,300,degraded_forward,85,0.053125,1.0,0.08235294117647059,1.97,0.0012104963783957242,0.042087964335566726,0.5338767453259897,0.5713220000000001,21.294410742326637,11.133491656771453,25,25,23,12,/Users/leoflack/Documents/Codex/2026-07-25/automate/outputs/paper_v5_numerics/runs/N8/trajectory_N2000_a0p15_lam0p35_s42.npz,,,,,not_computed
0.15,0.35,43,300,irregular_nonsequence,42,0.02625,0.9,0.35714285714285715,0.0,0.00367467477338127,0.12652210033027728,0.2250109828802711,0.23639700000000002,55.89727256983476,22.01287419536279,30,7,0,5,/Users/leoflack/Documents/Codex/2026-07-25/automate/outputs/paper_v5_numerics/runs/N8/trajectory_N2000_a0p15_lam0p35_s43.npz,,,,,not_computed
0.15,0.35,44,300,strict_sequence,100,0.0625,1.0,0.0,0.3333333333333333,0.026409385607097872,0.907051686571367,0.7774943083021342,0.840884,1.7494939510728345,1.2257358915067809,25,25,25,25,/Users/leoflack/Documents/Codex/2026-07-25/automate/outputs/paper_v5_numerics/runs/N8/trajectory_N2000_a0p15_lam0p35_s44.npz,,,,,not_computed
0.15,0.35,45,300,fixed_point,8,0.005,0.5,0.5,0.0,4.317770353702307e-16,0.0,0.14976367912925637,0.14615599999999998,51.45326331399163,25.906005874632836,8,0,0,0,/Users/leoflack/Documents/Codex/2026-07-25/automate/outputs/paper_v5_numerics/runs/N8/trajectory_N2000_a0p15_lam0p35_s45.npz,,,,,not_computed
0.15,0.35,46,300,irregular_nonsequence,89,0.055625,0.64,0.4943820224719101,0.0,0.0032205298516713664,0.10926971284472037,0.15469703739306595,0.161446,52.00694063243089,26.131741766139616,31,13,26,19,/Users/leoflack/Documents/Codex/2026-07-25/automate/outputs/paper_v5_numerics/runs/N8/trajectory_N2000_a0p15_lam0p35_s46.npz,,,,,not_computed
0.15,0.4,42,300,strict_sequence,114,0.07125,1.0,0.0,0.38,0.030273094950164815,1.2138377468087143,0.8261111858868697,0.884812,1.5340114972461187,1.1868633210424349,29,28,28,29,/Users/leoflack/Documents/Codex/2026-07-25/automate/outputs/paper_v5_numerics/runs/N8/trajectory_N2000_a0p15_lam0p40_s42.npz,,,,,not_computed
0.15,0.4,43,300,strict_sequence,113,0.070625,1.0,0.0,0.37666666666666665,0.03151334432514467,1.2133394385340424,0.8251042953623002,0.882615,1.54486327090873,1.186363352290482,28,28,28,29,/Users/leoflack/Documents/Codex/2026-07-25/automate/outputs/paper_v5_numerics/runs/N8/trajectory_N2000_a0p15_lam0p40_s43.npz,,,,,not_computed
0.15,0.4,44,300,strict_sequence,113,0.070625,1.0,0.0,0.37666666666666665,0.03465889237194527,1.196600318031005,0.8278877923795944,0.8869199999999999,1.531705769792752,1.1851134304105992,28,28,29,28,/Users/leoflack/Documents/Codex/2026-07-25/automate/outputs/paper_v5_numerics/runs/N8/trajectory_N2000_a0p15_lam0p40_s44.npz,,,,,not_computed
0.15,0.4,45,300,strict_sequence,113,0.070625,1.0,0.0,0.37666666666666665,0.033335089536954784,1.188056242221673,0.8273020353071996,0.8843219999999999,1.528347541584647,1.1877382663583527,28,28,28,29,/Users/leoflack/Documents/Codex/2026-07-25/automate/outputs/paper_v5_numerics/runs/N8/trajectory_N2000_a0p15_lam0p40_s45.npz,,,,,not_computed
0.15,0.4,46,300,strict_sequence,113,0.070625,1.0,0.0,0.37666666666666665,0.021533870801736032,1.0452674411289322,0.8248849555794361,0.8832450000000001,1.5489697681756953,1.189488156990188,28,28,28,29,/Users/leoflack/Documents/Codex/2026-07-25/automate/outputs/paper_v5_numerics/runs/N8/trajectory_N2000_a0p15_lam0p40_s46.npz,/Users/leoflack/Documents/Codex/2026-07-25/automate/outputs/paper_v5_numerics/runs/N8/lyapunov_N2000_a0p15_lam0p40_s46_k1.npz,1,-0.004795082986505809,-0.0013408660973408982,no_positive_exponent_resolved
0.15,0.5,42,300,strict_sequence,129,0.080625,1.0,0.0,0.43,0.03775040166825856,1.2229681632500864,0.8725412282232298,0.92525,1.363970360442041,1.1408661958627586,32,33,32,32,/Users/leoflack/Documents/Codex/2026-07-25/automate/outputs/paper_v5_numerics/runs/N8/trajectory_N2000_a0p15_lam0p50_s42.npz,,,,,not_computed
0.15,0.5,43,300,strict_sequence,129,0.080625,1.0,0.0,0.43,0.039717630157590944,1.2058059014203182,0.872208378859194,0.925357,1.3688233711851987,1.1406787075807763,33,32,32,32,/Users/leoflack/Documents/Codex/2026-07-25/automate/outputs/paper_v5_numerics/runs/N8/trajectory_N2000_a0p15_lam0p50_s43.npz,,,,,not_computed
0.15,0.5,44,300,strict_sequence,129,0.080625,1.0,0.0,0.43,0.04385065863497435,1.192202159646696,0.8737800375629133,0.927037,1.3649929553730282,1.140491219298794,33,32,32,32,/Users/leoflack/Documents/Codex/2026-07-25/automate/outputs/paper_v5_numerics/runs/N8/trajectory_N2000_a0p15_lam0p50_s44.npz,,,,,not_computed
0.15,0.5,45,300,strict_sequence,129,0.080625,1.0,0.0,0.43,0.04203100233324046,1.2137164361878248,0.8731972069068938,0.92672,1.3625467110995781,1.1414911568026997,32,33,32,32,/Users/leoflack/Documents/Codex/2026-07-25/automate/outputs/paper_v5_numerics/runs/N8/trajectory_N2000_a0p15_lam0p50_s45.npz,,,,,not_computed
0.15,0.5,46,300,strict_sequence,129,0.080625,1.0,0.0,0.43,0.031266699128740805,1.133449367018571,0.8716080041644656,0.924538,1.3729941908894014,1.1425535904006,32,33,32,32,/Users/leoflack/Documents/Codex/2026-07-25/automate/outputs/paper_v5_numerics/runs/N8/trajectory_N2000_a0p15_lam0p50_s46.npz,/Users/leoflack/Documents/Codex/2026-07-25/automate/outputs/paper_v5_numerics/runs/N8/lyapunov_N2000_a0p15_lam0p50_s46_k1.npz,1,-0.004826507563275696,-4.930918766030479e-05,no_positive_exponent_resolved
0.15,0.7,42,300,strict_sequence,141,0.088125,1.0,0.0,0.47,0.057854900013998296,1.1991845819833928,0.9078948178171179,0.953956,1.2631168161368858,1.0969939378788827,35,35,35,36,/Users/leoflack/Documents/Codex/2026-07-25/automate/outputs/paper_v5_numerics/runs/N8/trajectory_N2000_a0p15_lam0p70_s42.npz,,,,,not_computed
0.15,0.7,43,300,strict_sequence,141,0.088125,1.0,0.0,0.47,0.0607691784785058,1.1986996633556712,0.9074373923894345,0.9533130000000001,1.2666959305938137,1.0964314730329354,35,35,35,36,/Users/leoflack/Documents/Codex/2026-07-25/automate/outputs/paper_v5_numerics/runs/N8/trajectory_N2000_a0p15_lam0p70_s43.npz,,,,,not_computed
0.15,0.7,44,300,strict_sequence,141,0.088125,1.0,0.0,0.47,0.060525332302666546,1.1789961369710356,0.9087496768722647,0.95599,1.2614282748947854,1.0961189925629649,35,35,36,35,/Users/leoflack/Documents/Codex/2026-07-25/automate/outputs/paper_v5_numerics/runs/N8/trajectory_N2000_a0p15_lam0p70_s44.npz,,,,,not_computed
0.15,0.7,45,300,strict_sequence,141,0.088125,1.0,0.0,0.47,0.060200505920060494,1.2107079735146806,0.9078750268838418,0.953607,1.2627732761347081,1.0969939378788827,35,35,35,36,/Users/leoflack/Documents/Codex/2026-07-25/automate/outputs/paper_v5_numerics/runs/N8/trajectory_N2000_a0p15_lam0p70_s45.npz,,,,,not_computed
0.15,0.7,46,300,strict_sequence,141,0.088125,1.0,0.0,0.47,0.056278658881368064,1.178742169693686,0.9071053208616345,0.952596,1.2677989851327574,1.0978688831948002,35,35,35,36,/Users/leoflack/Documents/Codex/2026-07-25/automate/outputs/paper_v5_numerics/runs/N8/trajectory_N2000_a0p15_lam0p70_s46.npz,/Users/leoflack/Documents/Codex/2026-07-25/automate/outputs/paper_v5_numerics/runs/N8/lyapunov_N2000_a0p15_lam0p70_s46_k1.npz,1,-0.005240087045125591,3.970280396499298e-05,no_positive_exponent_resolved
0.15,0.9,42,300,strict_sequence,147,0.091875,1.0,0.0,0.49,0.06568896616774182,1.1176462731858419,0.9162752007632902,0.9586270000000001,1.2646624604719974,1.0798700081244923,37,36,37,37,/Users/leoflack/Documents/Codex/2026-07-25/automate/outputs/paper_v5_numerics/runs/N8/trajectory_N2000_a0p15_lam0p90_s42.npz,,,,,not_computed
0.15,0.9,43,300,strict_sequence,147,0.091875,1.0,0.0,0.49,0.06520328803772471,1.243174694344955,0.9160452024861824,0.9587629999999999,1.2671805434118213,1.0790575589025686,37,36,37,37,/Users/leoflack/Documents/Codex/2026-07-25/automate/outputs/paper_v5_numerics/runs/N8/trajectory_N2000_a0p15_lam0p90_s43.npz,,,,,not_computed
0.15,0.9,44,300,strict_sequence,147,0.091875,1.0,0.0,0.49,0.07198605831123524,1.2037825930315686,0.9174550472994093,0.9606269999999999,1.2634776305075368,1.0788075745265922,37,36,37,37,/Users/leoflack/Documents/Codex/2026-07-25/automate/outputs/paper_v5_numerics/runs/N8/trajectory_N2000_a0p15_lam0p90_s44.npz,,,,,not_computed
0.15,0.9,45,300,strict_sequence,147,0.091875,1.0,0.0,0.49,0.061631673827135955,1.120944891051298,0.91644290594697,0.959163,1.2648083550883902,1.0798700081244923,37,36,37,37,/Users/leoflack/Documents/Codex/2026-07-25/automate/outputs/paper_v5_numerics/runs/N8/trajectory_N2000_a0p15_lam0p90_s45.npz,,,,,not_computed
0.15,0.9,46,300,strict_sequence,146,0.09125,1.0,0.0,0.4866666666666667,0.0428061929952229,0.8068901734228793,0.9154775829779559,0.9572039999999999,1.269454161260096,1.0801824885944629,37,36,37,36,/Users/leoflack/Documents/Codex/2026-07-25/automate/outputs/paper_v5_numerics/runs/N8/trajectory_N2000_a0p15_lam0p90_s46.npz,/Users/leoflack/Documents/Codex/2026-07-25/automate/outputs/paper_v5_numerics/runs/N8/lyapunov_N2000_a0p15_lam0p90_s46_k1.npz,1,-0.006014995776703688,-4.332191526486784e-06,no_positive_exponent_resolved
